date,admissions,discharges,hosp,rea,hosp_rel,icu_rate
2020-03-18,1034,816,2972,771,0.08880654993127353,0.11014285714285714
2020-03-19,2608,1180,4073,1002,0.12170561166557103,0.14314285714285716
2020-03-20,3190,1587,5226,1297,0.15615848921293252,0.18528571428571428
2020-03-21,3010,1811,5900,1453,0.17629833263610828,0.20757142857142857
2020-03-22,3803,2117,6954,1674,0.20779298392398254,0.23914285714285713
2020-03-23,5146,2567,8673,2080,0.2591585489750792,0.29714285714285715
2020-03-24,5871,3281,10163,2503,0.3036813482340286,0.3575714285714286
2020-03-25,7382,4085,12072,2935,0.36072431721747444,0.41928571428571426
2020-03-26,8450,4947,13879,3351,0.41471941672144863,0.4787142857142857
2020-03-27,9515,5698,15701,3758,0.4691627323253451,0.5368571428571428
2020-03-28,10817,6624,17580,4236,0.5253092691089464,0.6051428571428571
2020-03-29,11468,7131,19311,4592,0.5770334070399809,0.656
2020-03-30,12582,7923,20946,5056,0.6258889619315126,0.7222857142857143
2020-03-31,14692,9443,22672,5496,0.6774636944959063,0.7851428571428571
2020-04-01,16837,10934,24543,5940,0.7333711826928824,0.8485714285714285
2020-04-02,18518,12427,26131,6305,0.7808223271379908,0.9007142857142857
2020-04-03,20269,14007,27302,6556,0.8158130640052591,0.9365714285714286
2020-04-04,21670,15437,28003,6723,0.836759696408295,0.9604285714285714
2020-04-05,22815,16182,28747,6859,0.8589912149644415,0.9798571428571429
2020-04-06,24565,17249,29569,6948,0.8835534572401841,0.9925714285714285
2020-04-07,26729,19336,29871,7004,0.8925775413852866,1.0
2020-04-08,29231,21253,30217,7019,0.9029163927568278,1.0
2020-04-09,31640,23205,30608,6937,0.914599892428136,0.991
2020-04-10,34029,24931,31108,6875,0.929540429092213,0.9821428571428571
2020-04-11,35384,26390,31159,6752,0.9310643638319488,0.9645714285714285
2020-04-12,36944,27185,31665,6714,0.9461841869359947,0.9591428571428572
2020-04-13,37592,27717,31952,6690,0.9547600549811749,0.9557142857142857
2020-04-14,39112,28804,32131,6599,0.9601087671069145,0.9427142857142857
2020-04-15,41087,30952,31623,6331,0.9449291818562123,0.9044285714285715
2020-04-16,43408,32806,31172,6139,0.9314528177852148,0.877
2020-04-17,45773,34414,31061,5922,0.9281360186457898,0.846
2020-04-18,47265,35977,30515,5733,0.9118209526086177,0.819
2020-04-19,48604,36572,30486,5644,0.9109544014821013,0.8062857142857143
2020-04-20,49884,37403,30462,5584,0.9102372557222256,0.7977142857142857
2020-04-21,51589,39175,29984,5334,0.895954102671368,0.762
2020-04-22,53519,40651,29627,5127,0.885286559493217,0.7324285714285714
2020-04-23,55104,42082,29113,4967,0.8699276878025458,0.7095714285714285
2020-04-24,56768,43486,28554,4785,0.8532241678121079,0.6835714285714286
2020-04-25,58191,44587,28119,4641,0.8402259009143609,0.663
2020-04-26,59082,44896,28114,4598,0.8400764955477201,0.6568571428571428
2020-04-27,59832,45506,27954,4526,0.8352955238152154,0.6465714285714286
2020-04-28,60651,46322,27607,4392,0.824926791370346,0.6274285714285714
2020-04-29,62391,48221,26736,4128,0.7989003765015239,0.5897142857142857
2020-04-30,64156,49469,26192,3947,0.7826450726110082,0.5638571428571428
2020-05-01,65171,50204,25809,3819,0.7712006215263252,0.5455714285714286
2020-05-02,65964,50554,25751,3770,0.7694675192732923,0.5385714285714286
2020-05-03,66328,50776,25739,3762,0.7691089463933545,0.5374285714285715
2020-05-04,66903,51363,25472,3639,0.7611306998147374,0.5198571428571429
2020-05-05,67998,52728,24701,3375,0.7380923922787307,0.48214285714285715
2020-05-06,69392,53963,23912,3095,0.7145162254228172,0.4421428571428571
2020-05-07,70612,55018,23139,2911,0.6914181557401542,0.41585714285714287
2020-05-08,71769,55773,22657,2820,0.677015478395984,0.40285714285714286
2020-05-09,72473,56029,22547,2764,0.673728560329887,0.39485714285714285
2020-05-10,72786,56208,22502,2728,0.6723839120301202,0.38971428571428574
2020-05-11,73233,56715,22219,2666,0.6639275682782525,0.38085714285714284
2020-05-12,74071,57776,21530,2496,0.6433395087551544,0.3565714285714286
2020-05-13,75225,58664,21009,2385,0.6277714695511862,0.3407142857142857
2020-05-14,76193,59596,20401,2256,0.6096037769676687,0.3222857142857143
2020-05-15,77162,60439,19801,2162,0.5916751329707763,0.30885714285714283
2020-05-16,78021,61057,19372,2091,0.5788561525129983,0.2987142857142857
2020-05-17,78581,61204,19302,2047,0.5767644773800275,0.2924285714285714
2020-05-18,78943,61719,18956,1958,0.5664256260084862,0.2797142857142857
2020-05-19,79702,62554,18409,1854,0.5500806788979861,0.26485714285714285
2020-05-20,80611,63345,17882,1754,0.5343333532540488,0.25057142857142856
2020-05-21,81345,63849,17527,1708,0.5237255722225542,0.244
2020-05-22,81925,64200,17327,1664,0.5177493575569234,0.2377142857142857
2020-05-23,82301,64538,17122,1628,0.5116237375246518,0.23257142857142857
2020-05-24,82618,64608,17129,1618,0.511832905037949,0.23114285714285715
2020-05-25,82896,65190,16742,1572,0.5002689296599534,0.22457142857142856
2020-05-26,83512,65870,16209,1519,0.48434231757604734,0.217
2020-05-27,84233,66575,15627,1467,0.4669515328990617,0.20957142857142858
2020-05-28,85016,67182,15155,1395,0.4528476662881731,0.1992857142857143
2020-05-29,85649,67794,14643,1328,0.43754855674415827,0.18971428571428572
2020-05-30,86369,68259,14329,1293,0.4281658997191179,0.18471428571428572
2020-05-31,86743,68346,14271,1287,0.426432797466085,0.18385714285714286
2020-06-01,86883,68431,14237,1270,0.42541684097292776,0.18142857142857144
2020-06-02,87114,68803,13978,1221,0.41767764298093585,0.17442857142857143
2020-06-03,87584,69446,13465,1179,0.4023486523635929,0.16842857142857143
2020-06-04,88251,69967,13054,1133,0.39006753122572163,0.16185714285714287
2020-06-05,88831,70494,12650,1065,0.37799557760114744,0.15214285714285714
2020-06-06,89351,70796,12433,1030,0.371511384688938,0.14714285714285713
2020-06-07,89599,70832,12415,1024,0.3709735253690313,0.1462857142857143
2020-06-08,89745,71052,12269,995,0.3666108886631208,0.14214285714285715
2020-06-09,90034,71496,11915,926,0.35603298870495426,0.13228571428571428
2020-06-10,90454,71822,11632,904,0.3475766449530867,0.12914285714285714
2020-06-11,90869,72139,11420,875,0.34124185740751806,0.125
2020-06-12,91191,72562,11079,851,0.3310524114026176,0.12157142857142857
2020-06-13,91577,72798,10864,843,0.3246279806370645,0.12042857142857143
2020-06-14,91824,72849,10836,841,0.32379131058387617,0.12014285714285715
2020-06-15,91937,73034,10707,818,0.3199366521245443,0.11685714285714285
2020-06-16,92178,73325,10490,792,0.3134524592123349,0.11314285714285714
2020-06-17,92487,73657,10222,744,0.30544433156038964,0.10628571428571429
2020-06-18,92861,73877,10080,724,0.3012012191477918,0.10342857142857143
2020-06-19,93092,74107,9925,699,0.29656965278192793,0.09985714285714285
2020-06-20,93325,74302,9792,687,0.29259547002928343,0.09814285714285714
2020-06-21,93511,74362,9778,687,0.29217713500268927,0.09814285714285714
2020-06-22,93658,74602,9648,673,0.2882925954700293,0.09614285714285714
2020-06-23,93871,74861,9446,654,0.2822566186577422,0.09342857142857143
2020-06-24,94148,75117,9254,630,0.2765194525787366,0.09
2020-06-25,94427,75341,9096,623,0.2717982429928883,0.089
2020-06-26,94654,75639,8841,606,0.264178569294209,0.08657142857142858
2020-06-27,94962,75803,8715,594,0.26041355405486166,0.08485714285714285
2020-06-28,95132,75833,8727,594,0.2607721269347995,0.08485714285714285
2020-06-29,95210,75989,8643,591,0.2582621167752346,0.08442857142857142
2020-06-30,95438,76264,8491,574,0.25372019362935516,0.082
2020-07-01,95683,76539,8291,554,0.24774397896372438,0.07914285714285714
2020-07-02,95962,76792,8103,545,0.24212633717803145,0.07785714285714286
2020-07-03,96268,77049,7946,533,0.23743500866551126,0.07614285714285714
2020-07-04,96465,77160,7863,517,0.2349548795792745,0.07385714285714286
2020-07-05,96569,77179,7863,521,0.2349548795792745,0.07442857142857143
2020-07-06,96654,77308,7806,521,0.2332516583995697,0.07442857142857143
2020-07-07,96825,77644,7550,511,0.2256021036275623,0.073
2020-07-08,97158,77985,7254,503,0.21675730592242873,0.07185714285714286
2020-07-09,97522,78159,7134,486,0.21317157712305027,0.06942857142857142
2020-07-10,97771,78377,7020,471,0.2097651347636407,0.06728571428571428
2020-07-11,97943,78454,6995,470,0.20901810793043687,0.06714285714285714
2020-07-12,97997,78486,6991,473,0.20889858363712424,0.06757142857142857
2020-07-13,98069,78586,6941,467,0.20740452997071654,0.06671428571428571
2020-07-14,98175,78670,6907,465,0.20638857347755932,0.06642857142857143
2020-07-15,98334,78809,6873,457,0.20537261698440207,0.06528571428571428
2020-07-16,98483,79025,6754,456,0.20181676925835176,0.06514285714285714
2020-07-17,98716,79233,6646,452,0.19858961333891115,0.06457142857142857
2020-07-18,98889,79322,6614,450,0.19763341899241021,0.06428571428571428
2020-07-19,98953,79384,6583,448,0.19670710571923744,0.064
2020-07-20,99110,79530,6547,442,0.1956313870794239,0.06314285714285714
2020-07-21,99245,79723,6440,430,0.19243411223331142,0.06142857142857143
2020-07-22,99466,79946,6324,420,0.18896790772724556,0.06
2020-07-23,99698,80461,5915,411,0.1767465487360306,0.05871428571428571
2020-07-24,100223,80804,5678,385,0.16966473435725812,0.055
2020-07-25,100535,80915,5634,368,0.16834996713081934,0.052571428571428575
2020-07-26,100618,80947,5640,367,0.16852925357078827,0.05242857142857143
2020-07-27,100718,81071,5614,374,0.16775234566425626,0.05342857142857143
2020-07-28,100884,81300,5510,361,0.16464471403812825,0.051571428571428574
2020-07-29,101091,81489,5409,356,0.1616267256319847,0.05085714285714286
2020-07-30,101300,81656,5334,357,0.15938564513237316,0.051
2020-07-31,101523,81870,5257,347,0.1570848024861053,0.04957142857142857
2020-08-01,101672,82016,5177,344,0.15469431661985297,0.04914285714285714
2020-08-02,101777,82029,5188,345,0.1550230084264627,0.04928571428571429
2020-08-03,101883,82155,5157,360,0.15409669515328991,0.05142857142857143
2020-08-04,102041,82307,5121,364,0.15302097651347638,0.052
2020-08-05,102214,82449,5107,360,0.1526026414868822,0.05142857142857143
2020-08-06,102357,82659,5019,366,0.14997310703400465,0.05228571428571428
2020-08-07,102574,82825,4970,359,0.1485089344409251,0.05128571428571429
2020-08-08,102692,82881,4981,366,0.1488376262475348,0.05228571428571428
2020-08-09,102697,82886,4992,368,0.14916631805414451,0.052571428571428575
2020-08-10,102862,83036,5004,372,0.14952489093408236,0.053142857142857144
2020-08-11,103022,83226,4971,367,0.14853881551425327,0.05242857142857143
2020-08-12,103186,83461,4850,355,0.14492320564154665,0.05071428571428571
2020-08-13,103488,83651,4824,351,0.14414629773501464,0.05014285714285714
2020-08-14,103681,83836,4788,344,0.1430705790952011,0.04914285714285714
2020-08-15,103793,83880,4817,353,0.14393713022171756,0.05042857142857143
2020-08-16,103797,83909,4820,353,0.14402677344170203,0.05042857142857143
2020-08-17,104022,84053,4885,361,0.14596904320803203,0.051571428571428574
2020-08-18,104115,84297,4783,357,0.14292117372856034,0.051
2020-08-19,104375,84440,4781,362,0.14286141158190402,0.05171428571428571
2020-08-20,104506,84615,4723,368,0.1411283093288711,0.052571428571428575
2020-08-21,104771,84802,4720,367,0.14103866610888663,0.05242857142857143
2020-08-22,104868,84923,4685,368,0.13999282854240125,0.052571428571428575
2020-08-23,104925,84946,4683,371,0.13993306639574493,0.053
2020-08-24,105149,85172,4664,387,0.13936532600251,0.055285714285714285
2020-08-25,105424,85494,4578,401,0.13679555369628876,0.05728571428571429
2020-08-26,105722,85731,4535,373,0.13551066754317814,0.053285714285714283
2020-08-27,105982,85954,4517,375,0.13497280822327137,0.05357142857142857
2020-08-28,106212,86147,4517,381,0.13497280822327137,0.05442857142857143
2020-08-29,106334,86268,4512,394,0.1348234028566306,0.056285714285714286
2020-08-30,106360,86280,4517,396,0.13497280822327137,0.05657142857142857
2020-08-31,106590,86439,4564,403,0.13637721866969463,0.05757142857142857
2020-09-01,106827,86682,4586,418,0.137034602282914,0.05971428571428571
2020-09-02,107109,86933,4614,440,0.1378712723361023,0.06285714285714286
2020-09-03,107355,87176,4625,458,0.13819996414271202,0.06542857142857143
2020-09-04,107631,87417,4653,467,0.13903663419590032,0.06671428571428571
2020-09-05,107761,87549,4667,476,0.13945496922249448,0.068
2020-09-06,107809,87578,4697,480,0.1403514014223391,0.06857142857142857
2020-09-07,108224,87806,4889,531,0.14608856750134463,0.07585714285714286
2020-09-08,108514,88196,4942,568,0.1476722643877368,0.08114285714285714
2020-09-09,108832,88494,4985,593,0.14895715054084743,0.08471428571428571
2020-09-10,109118,88712,5077,608,0.1517062092870376,0.08685714285714285
2020-09-11,109442,89029,5136,628,0.15346919261339867,0.08971428571428572
2020-09-12,109612,89201,5176,655,0.15466443554652484,0.09357142857142857
2020-09-13,109669,89240,5228,662,0.15621825135958883,0.09457142857142857
2020-09-14,110139,89477,5479,705,0.16371840076495547,0.10071428571428571
2020-09-15,110489,89861,5660,752,0.16912687503735135,0.10742857142857143
2020-09-16,110938,90305,5800,796,0.1733102253032929,0.11371428571428571
2020-09-17,111378,90810,5825,793,0.17405725213649675,0.11328571428571428
2020-09-18,112184,91544,5800,820,0.1733102253032929,0.11714285714285715
2020-09-19,112672,92289,5493,827,0.16413673579154964,0.11814285714285715
2020-09-20,113116,92552,5356,834,0.16004302874559254,0.11914285714285715
2020-09-21,113973,92978,5597,912,0.16724436741767765,0.13028571428571428
2020-09-22,114509,93508,5777,944,0.17262296061674534,0.13485714285714287
2020-09-23,114952,93952,5913,995,0.17668678658937428,0.14214285714285715
2020-09-24,115398,94383,6012,1041,0.17964501284886153,0.14871428571428572
2020-09-25,115929,94860,6110,1092,0.18257335803502062,0.156
2020-09-26,116326,95272,6154,1105,0.1838881252614594,0.15785714285714286
2020-09-27,116513,95395,6235,1112,0.18630849220103987,0.15885714285714286
2020-09-28,117023,95743,6397,1158,0.1911492260802008,0.16542857142857142
2020-09-29,117558,96296,6482,1198,0.19368911731309388,0.17114285714285715
2020-09-30,118096,96766,6572,1232,0.19637841391262775,0.176
2020-10-01,118605,97240,6634,1259,0.19823104045897327,0.17985714285714285
2020-10-02,119203,97747,6740,1270,0.2013984342317576,0.18142857142857144
2020-10-03,119592,98199,6740,1289,0.2013984342317576,0.18414285714285714
2020-10-04,119992,98343,6964,1335,0.2080917946572641,0.19071428571428573
2020-10-05,120455,98649,7276,1409,0.21741468953564813,0.2012857142857143
2020-10-06,120921,99264,7377,1417,0.22043267794179167,0.20242857142857143
2020-10-07,121535,99762,7514,1406,0.22452638498774877,0.20085714285714285
2020-10-08,122076,100275,7603,1418,0.22718580051395446,0.20257142857142857
2020-10-09,122811,100797,7843,1439,0.2343572581127114,0.20557142857142857
2020-10-10,123241,101280,7976,1456,0.23833144086535588,0.208
2020-10-11,123589,101460,8231,1483,0.24595111456403515,0.21185714285714285
2020-10-12,124277,101868,8671,1539,0.25909878682842286,0.21985714285714286
2020-10-13,124959,102649,8928,1633,0.26677822267375845,0.2332857142857143
2020-10-14,125784,103382,9173,1664,0.27409908563915614,0.2377142857142857
2020-10-15,126707,104051,9584,1741,0.2863802067770274,0.24871428571428572
2020-10-16,127469,104665,10021,1791,0.2994382358214307,0.25585714285714284
2020-10-17,127997,105163,10399,1868,0.3107332815394729,0.26685714285714285
2020-10-18,128439,105400,10897,1939,0.3256140560568936,0.277
2020-10-19,129334,105904,11640,2090,0.3478156935397119,0.2985714285714286
2020-10-20,130452,106808,12435,2168,0.37157114683559433,0.3097142857142857
2020-10-21,131360,107621,13162,2239,0.39329468714516225,0.31985714285714284
2020-10-22,132589,108568,14009,2310,0.4186039562541086,0.33
2020-10-23,133789,109455,14985,2432,0.4477678838223869,0.3474285714285714
2020-10-24,134438,110291,15637,2491,0.4672503436323433,0.35585714285714287
2020-10-25,135057,110629,16454,2575,0.49166318054144503,0.3678571428571429
2020-10-26,136491,111316,17761,2761,0.5307177433813423,0.3944285714285714
2020-10-27,138035,112685,18955,2909,0.5663957449351581,0.4155714285714286
2020-10-28,139575,113946,20184,3036,0.6031195840554593,0.4337142857142857
2020-10-29,140867,115256,21160,3147,0.6322835116237375,0.44957142857142857
2020-10-30,142385,116502,22153,3368,0.6619554174385944,0.48114285714285715
2020-10-31,143536,117563,23013,3443,0.6876531405008068,0.4918571428571429
2020-11-01,144535,118196,24008,3569,0.71738480846232,0.5098571428571429
2020-11-02,145945,119073,25120,3721,0.7506125620032271,0.5315714285714286
2020-11-03,147991,120683,26242,3869,0.7841391262774159,0.5527142857142857
2020-11-04,150471,122631,27511,4080,0.8220582083308432,0.5828571428571429
2020-11-05,152073,124247,28403,4221,0.8487121257395566,0.603
2020-11-06,154182,126298,28955,4321,0.8652064782166975,0.6172857142857143
2020-11-07,155984,127907,29396,4410,0.8783840315544135,0.63
2020-11-08,157310,128583,30217,4527,0.9029163927568278,0.6467142857142857
2020-11-09,159039,129704,31098,4677,0.9292416183589315,0.6681428571428571
2020-11-10,161188,131889,31477,4736,0.9405665451503018,0.6765714285714286
2020-11-11,163354,133665,31918,4789,0.9537440984880177,0.6841428571428572
2020-11-12,165332,134923,32654,4884,0.975736568457539,0.6977142857142857
2020-11-13,167275,137124,32676,4887,0.9763939520707584,0.6981428571428572
2020-11-14,169385,139110,32468,4855,0.9701786888185023,0.6935714285714286
2020-11-15,171146,139779,33050,4880,0.987569473495488,0.6971428571428572
2020-11-16,172556,140849,33466,4903,1.0,0.7004285714285714
2020-11-17,174513,143121,33139,4838,0.9902288890216937,0.6911428571428572
2020-11-18,177176,145360,32811,4759,0.9804278969700592,0.6798571428571428
2020-11-19,179614,147538,32314,4637,0.9655770035259666,0.6624285714285715
2020-11-20,182005,149490,31875,4566,0.952459212334907,0.6522857142857142
2020-11-21,183843,151146,31365,4493,0.9372198649375486,0.6418571428571429
2020-11-22,185228,151650,31522,4491,0.9419111934500687,0.6415714285714286
2020-11-23,186409,152561,31449,4438,0.9397298750971135,0.634
2020-11-24,188167,154648,30594,4277,0.9141815574015418,0.611
2020-11-25,190626,156521,29944,4136,0.8947588597382418,0.5908571428571429
2020-11-26,192637,158205,29282,4006,0.8749775891950039,0.5722857142857143
2020-11-27,194709,159884,28620,3871,0.8551963186517659,0.553
2020-11-28,196325,161106,28139,3765,0.840823522380924,0.5378571428571428
2020-11-29,197439,161396,28284,3744,0.8451562780135062,0.5348571428571428
2020-11-30,198499,162250,28229,3739,0.8435128189804578,0.5341428571428571
2020-12-01,200047,163998,27611,3594,0.8250463156636586,0.5134285714285715
2020-12-02,201883,165532,26986,3478,0.8063706448335625,0.49685714285714283
2020-12-03,203898,166909,26675,3415,0.7970776310285066,0.4878571428571429
2020-12-04,205511,168321,26283,3283,0.7853642502838702,0.469
2020-12-05,206880,169327,26040,3220,0.7781031494651288,0.46
2020-12-06,207747,169555,26262,3210,0.784736747743979,0.4585714285714286
2020-12-07,208661,170254,26333,3188,0.7868583039502779,0.4554285714285714
2020-12-08,210099,171837,25882,3078,0.7733819398792805,0.4397142857142857
2020-12-09,211869,173216,25526,3031,0.7627442777744576,0.433
2020-12-10,213601,174627,25199,2949,0.7529731667961513,0.42128571428571426
2020-12-11,215209,175860,24943,2874,0.7453236120241439,0.4105714285714286
2020-12-12,216516,176712,24948,2851,0.7454730173907846,0.4072857142857143
2020-12-13,217172,176964,25207,2861,0.7532122153827765,0.4087142857142857
2020-12-14,218178,177616,25449,2896,0.7604434351281898,0.4137142857142857
2020-12-15,219441,179056,25207,2871,0.7532122153827765,0.41014285714285714
2020-12-16,221271,180280,25282,2840,0.7554532958823881,0.4057142857142857
2020-12-17,222516,181475,25149,2798,0.7514791131297436,0.3997142857142857
2020-12-18,223859,182634,24945,2764,0.7453833741708003,0.39485714285714285
2020-12-19,225032,183540,24819,2718,0.7416183589314528,0.3882857142857143
2020-12-20,225666,183775,24961,2745,0.7458614713440507,0.3921428571428571
2020-12-21,226773,184433,25201,2737,0.7530329289428076,0.391
2020-12-22,228239,186027,24932,2719,0.7449949202175342,0.3884285714285714
2020-12-23,229918,187241,24852,2701,0.7426044343512819,0.38585714285714284
2020-12-24,231410,188608,24607,2643,0.7352835713858842,0.37757142857142856
2020-12-25,232372,189414,24359,2616,0.727873065200502,0.3737142857142857
2020-12-26,233124,189687,24444,2640,0.7304129564333951,0.37714285714285717
2020-12-27,233611,189910,24620,2650,0.7356720253391502,0.37857142857142856
2020-12-28,234604,190691,24645,2694,0.736419052172354,0.38485714285714284
2020-12-29,236145,191775,24743,2666,0.7393473973585131,0.38085714285714284
2020-12-30,237406,193014,24560,2652,0.7338791609394609,0.37885714285714284
2020-12-31,238863,194190,24407,2625,0.7293073567202534,0.375
2021-01-01,239685,194870,24263,2609,0.7250044821609992,0.3727142857142857
2021-01-02,240453,195143,24458,2632,0.7308312914599893,0.376
2021-01-03,240908,195355,24780,2665,0.7404529970716548,0.3807142857142857
2021-01-04,241797,196006,24962,2657,0.7458913524173788,0.37957142857142856
2021-01-05,243335,197472,24871,2616,0.7431721747445168,0.3737142857142857
2021-01-06,244799,198725,24708,2607,0.7383015597920277,0.37242857142857144
2021-01-07,246341,200048,24488,2573,0.7317277236598339,0.36757142857142855
2021-01-08,247933,201255,24377,2606,0.7284109245204088,0.3722857142857143
2021-01-09,248954,202134,24240,2600,0.7243172174744517,0.37142857142857144
2021-01-10,249792,202398,24526,2620,0.7328632044463037,0.3742857142857143
2021-01-11,250745,203041,24812,2666,0.7414091914181558,0.38085714285714284
2021-01-12,252023,204359,24703,2678,0.738152154425387,0.38257142857142856
2021-01-13,253675,205641,24735,2701,0.7391083487718879,0.38585714285714284
2021-01-14,255303,206771,24983,2716,0.7465188549572701,0.388
2021-01-15,256630,208040,25009,2730,0.7472957628638021,0.39
2021-01-16,257758,209025,24985,2731,0.7465786171039264,0.3901428571428571
2021-01-17,258460,209312,25235,2766,0.7540488854359648,0.39514285714285713
2021-01-18,259819,210169,25584,2803,0.7644773800274905,0.4004285714285714
2021-01-19,261403,211785,25532,2829,0.7629235642144265,0.40414285714285714
2021-01-20,263309,213211,25650,2842,0.7664495308671487,0.406
2021-01-21,264882,214507,25699,2866,0.7679137034602282,0.4094285714285714
2021-01-22,266609,215791,25872,2902,0.773083129145999,0.4145714285714286
2021-01-23,267561,216694,25864,2886,0.7728440805593737,0.4122857142857143
2021-01-24,268474,216934,26357,2955,0.7875754497101536,0.42214285714285715
2021-01-25,269700,217677,26888,3031,0.8034422996474033,0.433
2021-01-26,271080,219121,27005,3071,0.8069383852267974,0.4387142857142857
2021-01-27,272857,220539,27131,3097,0.8107034004661448,0.44242857142857145
2021-01-28,274405,221872,27128,3101,0.8106137572461602,0.443
2021-01-29,276176,223143,27270,3120,0.8148568696587581,0.44571428571428573
2021-01-30,277194,224089,27242,3103,0.8140201996055698,0.4432857142857143
2021-01-31,278034,224375,27573,3148,0.8239108348771887,0.44971428571428573
2021-02-01,279372,225288,27874,3218,0.8329050379489631,0.45971428571428574
2021-02-02,281207,226865,28029,3270,0.837536604314827,0.46714285714285714
2021-02-03,282909,228441,27953,3267,0.8352656427418873,0.4667142857142857
2021-02-04,284658,229944,27766,3240,0.8296778820295225,0.46285714285714286
2021-02-05,286518,231518,27572,3235,0.8238809538038606,0.46214285714285713
2021-02-06,287802,232662,27327,3215,0.8165600908384629,0.4592857142857143
2021-02-07,288827,232946,27652,3262,0.826271439670113,0.466
2021-02-08,290319,233962,27995,3353,0.8365206478216698,0.479
2021-02-09,291775,235686,27634,3332,0.8257335803502062,0.476
2021-02-10,293611,237082,27417,3309,0.8192493874379968,0.4727142857142857
2021-02-11,295374,238722,26963,3327,0.8056833801470149,0.4752857142857143
2021-02-12,297143,240259,26424,3298,0.7895774816231399,0.47114285714285714
2021-02-13,298717,241323,26196,3294,0.7827645969043208,0.4705714285714286
2021-02-14,299591,241597,26401,3299,0.7888902169365923,0.4712857142857143
2021-02-15,300775,242497,26478,3371,0.7911910595828602,0.4815714285714286
2021-02-16,302476,244207,26195,3338,0.7827347158309926,0.47685714285714287
2021-02-17,304302,245706,25929,3340,0.7747863503257038,0.47714285714285715
2021-02-18,306017,247096,25717,3384,0.768451562780135,0.48342857142857143
2021-02-19,307704,248457,25506,3380,0.7621466563078946,0.4828571428571429
2021-02-20,308924,249520,25269,3369,0.755064841929122,0.48128571428571426
2021-02-21,309722,249727,25464,3392,0.7608916512281121,0.4845714285714286
2021-02-22,311032,250532,25831,3407,0.7718580051395446,0.4867142857142857
2021-02-23,312355,252083,25660,3435,0.7667483416004303,0.4907142857142857
2021-02-24,314124,253450,25614,3436,0.7653738122273352,0.4908571428571429
2021-02-25,315552,254868,25317,3430,0.7564991334488734,0.49
2021-02-26,317404,256326,25130,3445,0.7509113727365087,0.49214285714285716
2021-02-27,318567,257258,24989,3453,0.746698141397239,0.49328571428571427
2021-02-28,319418,257555,25280,3492,0.7553935337357318,0.49885714285714283
2021-03-01,320481,258384,25430,3544,0.7598756947349549,0.5062857142857143
2021-03-02,321973,259893,25263,3586,0.7548855554891531,0.5122857142857142
2021-03-03,323706,261289,25111,3637,0.7503436323432737,0.5195714285714286
2021-03-04,325332,262690,24891,3633,0.7437697962110799,0.519
2021-03-05,326893,263919,24765,3680,0.7400047809717325,0.5257142857142857
2021-03-06,328039,264909,24625,3689,0.735821430705791,0.527
2021-03-07,328888,265295,24818,3743,0.7415884778581247,0.5347142857142857
2021-03-08,330232,266096,25195,3849,0.7528536425028387,0.5498571428571428
2021-03-09,331602,267539,25201,3918,0.7530329289428076,0.5597142857142857
2021-03-10,333108,269019,24969,3918,0.7461005199306759,0.5597142857142857
2021-03-11,334908,270433,24858,3992,0.7427837207912508,0.5702857142857143
2021-03-12,336378,271678,24749,4033,0.7395266837984821,0.5761428571428572
2021-03-13,337515,272615,24671,4070,0.737195960078886,0.5814285714285714
2021-03-14,338396,272960,24989,4127,0.746698141397239,0.5895714285714285
2021-03-15,339702,273771,25469,4219,0.7610410565947529,0.6027142857142858
2021-03-16,341148,275360,25492,4239,0.7617283212813004,0.6055714285714285
2021-03-17,342821,276993,25314,4219,0.756409490228889,0.6027142857142858
2021-03-18,344612,278263,25389,4246,0.7586505707285006,0.6065714285714285
2021-03-19,346155,279646,25339,4287,0.7571565170620929,0.6124285714285714
2021-03-20,347504,280571,25537,4353,0.7630729695810674,0.6218571428571429
2021-03-21,348217,280955,25926,4406,0.7746967071057193,0.6294285714285714
2021-03-22,349663,281885,26488,4548,0.7914898703161417,0.6497142857142857
2021-03-23,351278,283507,26756,4634,0.799497997968087,0.662
2021-03-24,353067,285199,26876,4651,0.8030837267674655,0.6644285714285715
2021-03-25,354740,286607,27036,4709,0.8078646984999701,0.6727142857142857
2021-03-26,356544,288062,27242,4766,0.8140201996055698,0.6808571428571428
2021-03-27,357833,289350,27259,4791,0.8145281778521485,0.6844285714285714
2021-03-28,358802,289752,27712,4872,0.8280643040698021,0.696
2021-03-29,360377,290810,28322,4974,0.8462917587999761,0.7105714285714285
2021-03-30,362277,292796,28510,5072,0.851909400585669,0.7245714285714285
2021-03-31,364187,294638,28463,5053,0.8505049901392459,0.7218571428571429
2021-04-01,366188,296166,28581,5109,0.8540309567919679,0.7298571428571429
2021-04-02,368086,297734,28729,5254,0.8584533556445347,0.7505714285714286
2021-04-03,369621,299075,28886,5273,0.8631446841570549,0.7532857142857143
2021-04-04,370668,299624,29356,5341,0.8771887886212872,0.763
2021-04-05,371386,300064,29907,5433,0.8936532600251001,0.7761428571428571
2021-04-06,373211,301299,30639,5626,0.9155262057013088,0.8037142857142857
2021-04-07,375505,303639,30904,5729,0.9234446901332696,0.8184285714285714
2021-04-08,377306,305711,30555,5705,0.9130161955417438,0.815
2021-04-09,379688,307674,30326,5757,0.9061734297495966,0.8224285714285714
2021-04-10,381498,309136,30238,5769,0.9035438952967191,0.8241428571428572
2021-04-11,382846,309787,30671,5838,0.9164824000478097,0.834
2021-04-12,384536,310934,31262,5916,0.9341421143847487,0.8451428571428572
2021-04-13,386350,313051,31226,5952,0.9330663957449351,0.8502857142857143
2021-04-14,388426,315152,30868,5902,0.9223689714934561,0.8431428571428572
2021-04-15,390764,317036,30668,5924,0.9163927568278253,0.8462857142857143
2021-04-16,392961,318923,30472,5914,0.9105360664555071,0.8448571428571429
2021-04-17,394555,320275,30329,5877,0.9062630729695811,0.8395714285714285
2021-04-18,395780,320757,30789,5893,0.9200083667005319,0.8418571428571429
2021-04-19,397324,321889,31214,5970,0.9327078228649973,0.8528571428571429
2021-04-20,399217,323961,31086,5984,0.9288830454789936,0.8548571428571429
2021-04-21,401376,325811,30954,5959,0.9249387437996773,0.8512857142857143
2021-04-22,403328,327668,30634,5981,0.9153768003346681,0.8544285714285714
2021-04-23,405494,329405,30438,5962,0.9095201099623499,0.8517142857142858
2021-04-24,407002,330838,30100,5958,0.8994203071774338,0.8511428571428571
2021-04-25,408196,331362,30287,5978,0.9050080678897986,0.854
2021-04-26,409917,332563,30596,6001,0.9142413195481982,0.8572857142857143
2021-04-27,411632,334577,30281,5943,0.9048287814498297,0.849
2021-04-28,413596,336281,29911,5879,0.8937727843184127,0.8398571428571429
2021-04-29,415567,338000,29487,5804,0.8811032092272755,0.8291428571428572
2021-04-30,417354,339650,28930,5675,0.8644594513834937,0.8107142857142857
2021-05-01,419123,340997,28603,5581,0.8546883404051874,0.7972857142857143
2021-05-02,420239,341458,28818,5585,0.8611127711707405,0.7978571428571428
2021-05-03,421460,342451,28950,5630,0.8650570728500567,0.8042857142857143
2021-05-04,422862,344265,28427,5504,0.8494292714994323,0.7862857142857143
2021-05-05,424807,346184,27686,5402,0.8272873961632702,0.7717142857142857
2021-05-06,426650,347768,26985,5231,0.8063407637602342,0.7472857142857143
2021-05-07,428448,349293,26331,5106,0.7867985418036216,0.7294285714285714
2021-05-08,429925,350471,25800,5005,0.7709316918663719,0.715
2021-05-09,430970,350873,25797,4971,0.7708420486463874,0.7101428571428572
2021-05-10,432056,351795,25666,4870,0.7669276280403992,0.6957142857142857
2021-05-11,433360,353370,25028,4743,0.747863503257037,0.6775714285714286
2021-05-12,434898,354860,24254,4583,0.7247355525010458,0.6547142857142857
2021-05-13,436272,355927,23656,4442,0.7068666706508098,0.6345714285714286
2021-05-14,437566,356700,23406,4352,0.6993964023187713,0.6217142857142857
2021-05-15,438385,357613,22950,4271,0.685770632881133,0.6101428571428571
2021-05-16,439250,357928,22963,4255,0.6861590868343991,0.6078571428571429
2021-05-17,440067,358776,22749,4186,0.6797645371421741,0.598
2021-05-18,441214,360213,22058,4015,0.6591167154724198,0.5735714285714286
2021-05-19,442582,361460,21347,3862,0.6378712723361023,0.5517142857142857
2021-05-20,443962,362593,20750,3769,0.6200322715591944,0.5384285714285715
2021-05-21,445134,363600,20209,3631,0.6038666108886631,0.5187142857142857
2021-05-22,446111,364391,19765,3544,0.5905994143309627,0.5062857142857143
2021-05-23,446884,364695,19720,3515,0.5892547660311959,0.5021428571428571
2021-05-24,447179,364902,19701,3496,0.5886870256379609,0.49942857142857144
2021-05-25,447962,365739,19430,3447,0.5805892547660312,0.49242857142857144
2021-05-26,448847,367046,18593,3330,0.5555787963903663,0.4757142857142857
2021-05-27,450151,368023,17941,3206,0.53609633658041,0.458
2021-05-28,451318,369109,17272,3104,0.516105898523875,0.44342857142857145
2021-05-29,452310,369789,16847,3028,0.5034064423594096,0.43257142857142855
2021-05-30,452932,370014,16775,2993,0.5012550050797825,0.42757142857142855
2021-05-31,453514,370577,16596,2945,0.4959062929540429,0.4207142857142857
2021-06-01,454235,371500,16088,2825,0.4807267077033407,0.4035714285714286
2021-06-02,455199,372310,15638,2754,0.46728022470567143,0.3934285714285714
2021-06-03,456087,373033,15283,2677,0.45667244367417675,0.38242857142857145
2021-06-04,456826,373818,14801,2571,0.4422697663300066,0.36728571428571427
2021-06-05,457559,374281,14532,2525,0.43423175760473315,0.3607142857142857
2021-06-06,457981,374416,14525,2527,0.43402259009143607,0.361
2021-06-07,458343,374909,14323,2472,0.427986613279149,0.35314285714285715
2021-06-08,458938,375569,13984,2394,0.4178569294209048,0.342
2021-06-09,459657,376342,13526,2326,0.40417139783661027,0.3322857142857143
2021-06-10,460379,376974,13090,2245,0.39114324986553517,0.32071428571428573
2021-06-11,461128,377596,12712,2163,0.379848204147493,0.309
2021-06-12,461689,377961,12496,2110,0.37339389230861175,0.30142857142857143
2021-06-13,462004,378063,12480,2106,0.37291579513536127,0.3008571428571429
2021-06-14,462343,378429,12374,2068,0.3697484013625769,0.29542857142857143
2021-06-15,462725,379108,11895,1952,0.3554353672383912,0.27885714285714286
2021-06-16,463399,379635,11519,1873,0.34420008366700533,0.26757142857142857
2021-06-17,463986,380195,11114,1799,0.33209824896910295,0.257
2021-06-18,464537,380667,10738,1740,0.3208629653977171,0.24857142857142858
2021-06-19,464991,380930,10531,1703,0.3146775832187892,0.2432857142857143
2021-06-20,465248,380979,10518,1703,0.3142891292655232,0.2432857142857143
2021-06-21,465468,381278,10386,1655,0.3103448275862069,0.23642857142857143
2021-06-22,465759,381726,10046,1560,0.3001852626546346,0.22285714285714286
2021-06-23,466255,382124,9771,1509,0.29196796748939224,0.21557142857142858
2021-06-24,466664,382593,9392,1439,0.2806430406980219,0.20557142857142857
2021-06-25,467178,382897,9190,1389,0.27460706388573475,0.19842857142857143
2021-06-26,467451,383122,9024,1349,0.2696468057132612,0.19271428571428573
2021-06-27,467659,383185,8986,1345,0.26851132492679136,0.19214285714285714
2021-06-28,467863,383447,8846,1304,0.26432797466084984,0.18628571428571428
2021-06-29,468133,383768,8627,1250,0.2577840196019841,0.17857142857142858
2021-06-30,468484,384051,8451,1204,0.252524950696229,0.172
2021-07-01,468757,384338,8232,1162,0.24598099563736328,0.166
2021-07-02,469090,384616,8044,1123,0.24036335385167035,0.16042857142857142
2021-07-03,469328,384781,7912,1102,0.23641905217235404,0.15742857142857142
2021-07-04,469501,384812,7913,1104,0.2364489332456822,0.15771428571428572
2021-07-05,469630,385013,7806,1077,0.2332516583995697,0.15385714285714286
2021-07-06,469878,385289,7637,1032,0.2282017570071117,0.14742857142857144
2021-07-07,470178,385490,7539,997,0.22527341182095262,0.14242857142857143
2021-07-08,470376,385720,7384,971,0.22064184545508875,0.1387142857142857
2021-07-09,470670,385950,7275,953,0.21738480846231997,0.13614285714285715
2021-07-10,470878,386122,7183,947,0.2146357497161298,0.1352857142857143
2021-07-11,470993,386141,7183,947,0.2146357497161298,0.1352857142857143
2021-07-12,471258,386424,7137,957,0.2132612203430347,0.1367142857142857
2021-07-13,471545,386704,7076,933,0.21143847487001732,0.13328571428571429
2021-07-14,471718,386839,7047,931,0.21057192374350087,0.133
2021-07-15,471948,387017,7054,914,0.21078109125679795,0.13057142857142856
2021-07-16,472160,387297,6971,899,0.20830096217056115,0.12842857142857142
2021-07-17,472352,387439,6922,890,0.2068367895774816,0.12714285714285714
2021-07-18,472450,387469,6936,891,0.20725512460407577,0.12728571428571428
2021-07-19,472795,387703,7041,902,0.21039263730353194,0.12885714285714286
2021-07-20,473009,388118,6912,876,0.20653797884420008,0.12514285714285714
2021-07-21,473401,388402,6869,859,0.20525309269108946,0.12271428571428572
2021-07-22,473723,388707,6832,868,0.20414749297794776,0.124
2021-07-23,474073,389021,6802,872,0.20325106077810315,0.12457142857142857
2021-07-24,474286,389197,6787,878,0.20280284467818083,0.12542857142857142
2021-07-25,474392,389226,6843,886,0.20447618478455745,0.12657142857142858
2021-07-26,474921,389531,7079,952,0.2115281180900018,0.136
2021-07-27,475236,389996,7137,978,0.2132612203430347,0.1397142857142857
2021-07-28,475663,390367,7208,992,0.21538277654933366,0.1417142857142857
2021-07-29,476064,390784,7236,1015,0.21621944660252196,0.145
2021-07-30,476655,391216,7363,1072,0.2200143429151975,0.15314285714285714
2021-07-31,476982,391581,7409,1099,0.2213888722882926,0.157
2021-08-01,477234,391689,7581,1137,0.22652841690073508,0.16242857142857142
2021-08-02,477738,392055,7840,1232,0.23426761489272693,0.176
2021-08-03,478248,392634,7974,1331,0.2382716787186996,0.19014285714285714
2021-08-04,478817,393129,8134,1371,0.2430526504512042,0.19585714285714287
2021-08-05,479376,393723,8210,1420,0.2453236120241439,0.20285714285714285
2021-08-06,480119,394324,8368,1458,0.25004482160999225,0.2082857142857143
2021-08-07,480435,394709,8425,1510,0.251748042789697,0.21571428571428572
2021-08-08,480867,394910,8685,1556,0.259517121855017,0.22228571428571428
2021-08-09,481412,395310,9022,1667,0.2695870435666049,0.23814285714285716
2021-08-10,481966,396002,9153,1712,0.2735014641725931,0.24457142857142858
2021-08-11,482582,396616,9233,1745,0.27589195003884537,0.24928571428571428
2021-08-12,483357,397162,9465,1807,0.28282435905097714,0.2581428571428571
2021-08-13,483946,397828,9546,1831,0.28524472599055756,0.26157142857142857
2021-08-14,484447,398257,9648,1837,0.2882925954700293,0.26242857142857146
2021-08-15,484727,398445,9798,1852,0.2927747564692524,0.26457142857142857
2021-08-16,485505,398924,10151,1908,0.30332277535409075,0.2725714285714286
2021-08-17,486170,399763,10219,1953,0.3053546883404052,0.279
2021-08-18,487107,400539,10336,2054,0.3088507739197992,0.2934285714285714
2021-08-19,487918,401284,10392,2049,0.3105241140261758,0.2927142857142857
2021-08-20,488729,401946,10515,2091,0.31419948604553877,0.2987142857142857
2021-08-21,489352,402615,10463,2106,0.31264567023247475,0.3008571428571429
2021-08-22,489919,402848,10651,2128,0.3182633120181677,0.304
2021-08-23,490632,403285,11007,2215,0.3289009741229905,0.31642857142857145
2021-08-24,491343,404141,11066,2221,0.33066395744935156,0.3172857142857143
2021-08-25,492164,404823,11171,2239,0.33380147014880773,0.31985714285714284
2021-08-26,492766,405490,11104,2261,0.3317994382358214,0.323
2021-08-27,493725,406229,11162,2270,0.33353254048885433,0.3242857142857143
2021-08-28,494111,406709,11052,2259,0.3302456224227574,0.32271428571428573
2021-08-29,494516,406911,11092,2276,0.3314408653558836,0.3251428571428571
2021-08-30,495171,407355,11245,2290,0.3360126695750911,0.3271428571428571
2021-08-31,495947,408275,11120,2292,0.3322775354090719,0.3274285714285714
2021-09-01,496787,408908,11119,2294,0.3322476543357437,0.32771428571428574
2021-09-02,497413,409615,10934,2275,0.32671965577003526,0.325
2021-09-03,498187,410229,10816,2259,0.3231936891173131,0.32271428571428573
2021-09-04,498707,410710,10654,2223,0.31835295523815216,0.31757142857142856
2021-09-05,499086,410888,10644,2217,0.31805414450487063,0.3167142857142857
2021-09-06,499737,411314,10757,2249,0.321430705790952,0.3212857142857143
2021-09-07,500346,412039,10646,2259,0.31811390665152695,0.32271428571428573
2021-09-08,501031,412721,10438,2224,0.3118986433992709,0.3177142857142857
2021-09-09,501779,413273,10323,2195,0.30846231996653317,0.31357142857142856
2021-09-10,502373,413880,10115,2151,0.30224705671427715,0.3072857142857143
2021-09-11,502893,414243,10018,2131,0.29934859260144625,0.30442857142857144
2021-09-12,503175,414405,10012,2129,0.2991693061614773,0.30414285714285716
2021-09-13,503614,414778,9986,2103,0.2983923982549453,0.30042857142857143
2021-09-14,504199,415490,9739,2000,0.2910117731428913,0.2857142857142857
2021-09-15,504879,416030,9555,1959,0.28551365565051096,0.27985714285714286
2021-09-16,505394,416554,9297,1952,0.27780433873184723,0.27885714285714286
2021-09-17,505996,417059,9070,1891,0.2710213350863563,0.27014285714285713
2021-09-18,506447,417399,8912,1837,0.26630012550050797,0.26242857142857146
2021-09-19,506714,417505,8887,1832,0.26555309866730414,0.26171428571428573
2021-09-20,507039,417826,8845,1805,0.26429809358752165,0.25785714285714284
2021-09-21,507553,418397,8594,1744,0.256797944182155,0.24914285714285714
2021-09-22,508144,418859,8414,1656,0.2514193509830873,0.23657142857142857
2021-09-23,508606,419256,8237,1609,0.24613040100400407,0.22985714285714287
2021-09-24,509074,419628,8107,1586,0.24224586147134405,0.22657142857142856
2021-09-25,509390,419912,7980,1571,0.2384509651586685,0.22442857142857142
2021-09-26,509604,419971,7994,1577,0.23886930018526265,0.22528571428571428
2021-09-27,509926,420247,7980,1571,0.2384509651586685,0.22442857142857142
2021-09-28,510217,420645,7801,1524,0.23310225303292895,0.21771428571428572
2021-09-29,510652,420934,7726,1466,0.2308611725333174,0.20942857142857144
2021-09-30,510952,421264,7565,1414,0.2260503197274846,0.202
2021-10-01,511319,421579,7410,1355,0.22141875336162076,0.19357142857142856
2021-10-02,511596,421787,7294,1325,0.2179525488555549,0.18928571428571428
2021-10-03,511787,421839,7308,1326,0.21837088388214904,0.18942857142857142
2021-10-04,512047,422072,7299,1328,0.21810195422219567,0.18971428571428572
2021-10-05,512352,422510,7096,1279,0.2120360963365804,0.18271428571428572
2021-10-06,512749,422728,7038,1242,0.21030299408354747,0.17742857142857144
2021-10-07,512979,423001,6903,1200,0.2062690491842467,0.17142857142857143
2021-10-08,513327,423274,6805,1164,0.20334070399808762,0.1662857142857143
2021-10-09,513552,423485,6706,1127,0.20038247773860038,0.161
2021-10-10,513742,423537,6737,1132,0.20130879101177315,0.16171428571428573
2021-10-11,513930,423734,6729,1145,0.2010697424251479,0.16357142857142856
2021-10-12,514175,424018,6629,1111,0.1980816350923325,0.15871428571428572
2021-10-13,514490,424238,6601,1091,0.1972449650391442,0.15585714285714286
2021-10-14,514704,424464,6523,1075,0.1949142413195482,0.15357142857142858
2021-10-15,514992,424693,6470,1051,0.19333054443315603,0.15014285714285713
2021-10-16,515151,424817,6437,1049,0.19234446901332697,0.14985714285714286
2021-10-17,515251,424868,6448,1052,0.19267316081993666,0.15028571428571427
2021-10-18,515507,425074,6468,1049,0.19327078228649974,0.14985714285714286
2021-10-19,515759,425292,6483,1046,0.19371899838642204,0.14942857142857144
2021-10-20,515992,425537,6465,1026,0.19318113906651527,0.14657142857142857
2021-10-21,516273,425777,6453,1009,0.19282256618657742,0.14414285714285716
2021-10-22,516496,426012,6400,1010,0.19123886930018527,0.1442857142857143
2021-10-23,516721,426213,6348,1007,0.18968505348712125,0.14385714285714285
2021-10-24,516836,426243,6377,1018,0.1905516046136377,0.14542857142857143
2021-10-25,517064,426431,6405,1023,0.19138827466682604,0.14614285714285713
2021-10-26,517337,426654,6445,1049,0.19258351759995218,0.14985714285714286
2021-10-27,517557,426836,6489,1038,0.19389828482639096,0.1482857142857143
2021-10-28,517793,427031,6541,1037,0.19545210063945498,0.14814285714285713
2021-10-29,518016,427286,6534,1034,0.1952429331261579,0.14771428571428571
2021-10-30,518194,427445,6524,1039,0.19494412239287634,0.14842857142857144
2021-10-31,518308,427489,6572,1046,0.19637841391262775,0.14942857142857144
2021-11-01,518363,427519,6639,1069,0.19838044582561407,0.15271428571428572
2021-11-02,518693,427801,6680,1091,0.19960556983206837,0.15585714285714286
2021-11-03,519082,428108,6764,1096,0.2021155799916333,0.15657142857142858
2021-11-04,519325,428434,6718,1099,0.20074105061853822,0.157
2021-11-05,519696,428716,6735,1089,0.20124902886511684,0.15557142857142858
2021-11-06,519870,428950,6667,1099,0.19921711587880236,0.157
2021-11-07,520030,428990,6709,1101,0.20047212095858483,0.15728571428571428
2021-11-08,520459,429250,6865,1141,0.20513356839777686,0.163
2021-11-09,520701,429618,6851,1140,0.2047152333711827,0.16285714285714287
2021-11-10,521104,429919,6906,1154,0.20635869240423116,0.16485714285714287
2021-11-11,521256,430063,6952,1145,0.20773322177732625,0.16357142857142856
2021-11-12,521566,430277,7046,1182,0.2105420426701727,0.16885714285714284
2021-11-13,521691,430476,7050,1202,0.21066156696348534,0.1717142857142857
2021-11-14,521813,430524,7111,1210,0.21248431243650273,0.17285714285714285
2021-11-15,522359,430811,7361,1257,0.2199545807685412,0.17957142857142858
2021-11-16,522735,431216,7535,1277,0.22515388752763998,0.18242857142857144
2021-11-17,523082,431559,7663,1300,0.2289786649136437,0.18571428571428572
2021-11-18,523458,431887,7787,1333,0.23268391800633478,0.19042857142857142
2021-11-19,523865,432215,7940,1353,0.23725572222554234,0.19328571428571428
2021-11-20,523975,432421,7974,1333,0.2382716787186996,0.19042857142857142
2021-11-21,524096,432497,8038,1339,0.24018406741170142,0.19128571428571428
2021-11-22,524886,432957,8338,1406,0.2491483894101476,0.20085714285714285
2021-11-23,525311,433411,8525,1455,0.2547361501225124,0.20785714285714285
2021-11-24,525866,433833,8765,1483,0.26190760772126936,0.21185714285714285
2021-11-25,526391,434310,8981,1499,0.2683619195601506,0.21414285714285713
2021-11-26,526900,434775,9181,1563,0.2743381342257814,0.22328571428571428
2021-11-27,527076,435027,9271,1617,0.2770274308253152,0.231
2021-11-28,527211,435119,9381,1632,0.28031434889141216,0.23314285714285715
2021-11-29,528095,435531,9860,1749,0.29462738301559793,0.24985714285714286
2021-11-30,528775,436187,10249,1824,0.30625112054024983,0.26057142857142856
2021-12-01,529367,436766,10558,1886,0.3154843721986494,0.2694285714285714
2021-12-02,529990,437363,10790,1934,0.3224167812107811,0.2762857142857143
2021-12-03,530865,438044,11103,2058,0.3317695571624933,0.294
2021-12-04,531234,438440,11340,2037,0.33885137154126577,0.291
2021-12-05,531361,438589,11526,2066,0.3444092511803024,0.29514285714285715
2021-12-06,532585,439237,12096,2191,0.36144146297735014,0.313
2021-12-07,533626,440066,12714,2351,0.3799079662941493,0.33585714285714285
2021-12-08,534266,440865,13044,2426,0.3897687204924401,0.3465714285714286
2021-12-09,535155,441638,13363,2461,0.3993007828841212,0.3515714285714286
2021-12-10,536078,442473,13629,2498,0.4072491483894101,0.3568571428571429
2021-12-11,536570,442940,13855,2539,0.41400227096157294,0.3627142857142857
2021-12-12,536806,443159,14050,2602,0.419829080260563,0.3717142857142857
2021-12-13,538093,443933,14527,2752,0.4340823522380924,0.3931428571428571
2021-12-14,539233,445100,14819,2792,0.44280762564991333,0.39885714285714285
2021-12-15,540336,446101,15062,2843,0.45006872646865476,0.40614285714285714
2021-12-16,541393,447156,15142,2832,0.45245921233490705,0.4045714285714286
2021-12-17,542738,448151,15410,2901,0.46046733998685235,0.4144285714285714
2021-12-18,543255,448891,15370,2933,0.4592720970537262,0.419
2021-12-19,543765,449128,15528,2936,0.4639933066395745,0.41942857142857143
2021-12-20,545063,449970,15918,3025,0.47564692523755453,0.43214285714285716
2021-12-21,546284,451213,16076,3096,0.48036813482340285,0.4422857142857143
2021-12-22,547490,452365,16118,3147,0.48162313990318534,0.44957142857142857
2021-12-23,548777,453573,16060,3208,0.47989003765015237,0.4582857142857143
2021-12-24,550201,454659,16173,3254,0.4832665989362338,0.46485714285714286
2021-12-25,550825,455323,16162,3282,0.4829379071296241,0.46885714285714286
2021-12-26,551320,455508,16365,3299,0.48900376501523934,0.4712857142857143
2021-12-27,552716,456295,16921,3333,0.5056176417856929,0.47614285714285715
2021-12-28,554185,457594,17405,3416,0.5200800812765195,0.488
2021-12-29,555633,458891,17856,3469,0.5335564453475169,0.49557142857142855
2021-12-30,557059,460123,18321,3506,0.5474511444451085,0.5008571428571429
2021-12-31,558461,461407,18715,3543,0.5592242873364012,0.5061428571428571
2022-01-01,559132,462266,18811,3560,0.5620928703759039,0.5085714285714286
2022-01-02,559669,462576,19043,3572,0.5690252793880356,0.5102857142857142
2022-01-03,561557,463863,19606,3654,0.5858483236717863,0.522
2022-01-04,563824,465820,20186,3665,0.6031793462021156,0.5235714285714286
2022-01-05,565680,467508,20688,3695,0.6181796450128488,0.5278571428571428
2022-01-06,567536,469181,21169,3759,0.6325524412836909,0.537
2022-01-07,569300,470797,21605,3815,0.645580589254766,0.545
2022-01-08,570352,472027,21721,3821,0.6490467937608319,0.5458571428571428
2022-01-09,571048,472488,21982,3847,0.6568457538994801,0.5495714285714286
2022-01-10,573262,473916,22749,3904,0.6797645371421741,0.5577142857142857
2022-01-11,575593,476124,23371,3969,0.6983505647522859,0.567
2022-01-12,577708,478097,23889,3985,0.7138289607362697,0.5692857142857143
2022-01-13,579651,480068,24154,3939,0.7217474451682304,0.5627142857142857
2022-01-14,581830,481964,24511,3895,0.7324149883463814,0.5564285714285714
2022-01-15,583128,483438,24544,3852,0.7334010637662105,0.5502857142857143
2022-01-16,584105,484007,24887,3852,0.7436502719177673,0.5502857142857143
2022-01-17,586496,485556,25776,3913,0.7702145461064962,0.559
2022-01-18,589066,487977,26526,3881,0.7926253511026116,0.5544285714285714
2022-01-19,591466,490192,27230,3852,0.813661626725632,0.5502857142857143
2022-01-20,593772,492256,27931,3842,0.8346082591286679,0.5488571428571428
2022-01-21,596074,494500,28457,3792,0.8503257036992768,0.5417142857142857
2022-01-22,597479,496206,28515,3746,0.8520588059523098,0.5351428571428571
2022-01-23,598493,496840,28838,3760,0.8617103926373035,0.5371428571428571
2022-01-24,601439,498806,29748,3776,0.8889021693659236,0.5394285714285715
2022-01-25,604289,501762,30189,3741,0.9020797227036396,0.5344285714285715
2022-01-26,607109,504330,30624,3712,0.9150779896013865,0.5302857142857142
2022-01-27,609698,506728,30982,3694,0.9257754138528655,0.5277142857142857
2022-01-28,612375,509211,31271,3656,0.9344110440447021,0.5222857142857142
2022-01-29,613985,510921,31282,3634,0.9347397358513118,0.5191428571428571
2022-01-30,615046,511612,31536,3641,0.9423295284766628,0.5201428571428571
2022-01-31,617906,513540,32374,3700,0.9673698679256559,0.5285714285714286
2022-02-01,620887,516458,32894,3751,0.9829080260562959,0.5358571428571428
2022-02-02,623420,519409,32720,3700,0.9777087192971972,0.5285714285714286
2022-02-03,625961,521380,32852,3643,0.9816530209765135,0.5204285714285715
2022-02-04,629818,524878,32988,3618,0.9857168469491424,0.5168571428571429
2022-02-05,631462,526609,32867,3606,0.9821012370764358,0.5151428571428571
2022-02-06,632465,527202,33027,3577,0.9868822088089404,0.511
2022-02-07,635120,529180,33447,3622,0.9994322596067651,0.5174285714285715
2022-02-08,637727,531940,33352,3555,0.9965935576405904,0.5078571428571429
2022-02-09,640368,534705,32878,3503,0.9824299288830455,0.5004285714285714
2022-02-10,643192,537208,32415,3416,0.9685949919321102,0.488
2022-02-11,645989,539749,31939,3371,0.954371601027909,0.4815714285714286
2022-02-12,647771,541311,31522,3324,0.9419111934500687,0.47485714285714287
2022-02-13,648860,541777,31621,3305,0.944869419709556,0.47214285714285714
2022-02-14,650927,543647,31532,3296,0.9422100041833502,0.47085714285714286
2022-02-15,653412,546183,31091,3235,0.9290324508456343,0.46214285714285713
2022-02-16,655785,548385,30578,3126,0.9137034602282914,0.44657142857142856
2022-02-17,658151,550715,29843,3055,0.8917408713320982,0.43642857142857144
2022-02-18,660632,552837,29194,2970,0.8723480547421263,0.42428571428571427
2022-02-19,662230,554200,28632,2918,0.8555548915317038,0.41685714285714287
2022-02-20,663280,554598,28643,2923,0.8558835833383135,0.4175714285714286
2022-02-21,664820,556126,28383,2905,0.8481145042729935,0.415
2022-02-22,666875,558452,27566,2842,0.8237016673638917,0.406
2022-02-23,669253,560486,26881,2753,0.8032331321341063,0.3932857142857143
2022-02-24,671244,562358,26118,2656,0.7804338731847248,0.37942857142857145
2022-02-25,673285,564082,25484,2546,0.7614892726946751,0.3637142857142857
2022-02-26,674619,564911,25264,2484,0.7549154365624813,0.35485714285714287
2022-02-27,675214,565221,25277,2491,0.7553038905157473,0.35585714285714287
2022-02-28,676392,566378,25079,2456,0.7493874379967729,0.35085714285714287
2022-03-01,677889,568119,24437,2408,0.730203788920098,0.344
2022-03-02,679748,569768,23840,2329,0.7123647881431902,0.33271428571428574
2022-03-03,681327,571248,23175,2231,0.6924938743799677,0.3187142857142857
2022-03-04,682970,572604,22643,2153,0.6765971433693898,0.30757142857142855
2022-03-05,684035,573476,22196,2075,0.663240303591705,0.29642857142857143
2022-03-06,684734,573639,22253,2079,0.6649435247714098,0.297
2022-03-07,685915,574749,22208,2089,0.6635988764716428,0.29842857142857143
2022-03-08,687209,576142,21899,2036,0.6543656248132433,0.29085714285714287
2022-03-09,688629,577508,21509,1962,0.6427120062152633,0.2802857142857143
2022-03-10,690112,578723,21287,1928,0.6360784079364131,0.2754285714285714
2022-03-11,691411,579930,21024,1875,0.6282196856511086,0.26785714285714285
2022-03-12,692209,580578,20860,1857,0.6233191896252913,0.2652857142857143
2022-03-13,692650,580769,20917,1855,0.6250224108049961,0.265
2022-03-14,693889,581897,20925,1826,0.6252614593916214,0.26085714285714284
2022-03-15,695392,583270,20919,1783,0.6250821729516525,0.2547142857142857
2022-03-16,696659,584548,20757,1728,0.6202414390724915,0.24685714285714286
2022-03-17,697961,585730,20609,1695,0.6158190402199247,0.24214285714285713
2022-03-18,699242,586852,20519,1674,0.6131297436203909,0.23914285714285713
2022-03-19,699930,587475,20440,1644,0.6107691388274666,0.23485714285714285
2022-03-20,700326,587639,20566,1642,0.6145341540668141,0.23457142857142857
2022-03-21,701572,588719,20706,1632,0.6187175043327556,0.23314285714285715
2022-03-22,702916,590037,20742,1604,0.6197932229725692,0.22914285714285715
2022-03-23,704234,591389,20653,1564,0.6171338074463635,0.22342857142857142
2022-03-24,705649,592602,20654,1523,0.6171636885196916,0.21757142857142858
2022-03-25,707108,593988,20616,1489,0.6160282077332218,0.21271428571428572
2022-03-26,707763,594630,20532,1481,0.6135181975736569,0.21157142857142858
2022-03-27,708130,594814,20606,1486,0.6157293969999402,0.21228571428571427
2022-03-28,709712,595854,21073,1533,0.6296838582441882,0.219
2022-03-29,711106,597352,21300,1538,0.636466861889679,0.21971428571428572
2022-03-30,712720,598673,21688,1546,0.6480607183410028,0.22085714285714286
2022-03-31,714047,600034,21922,1551,0.6550528894997908,0.22157142857142856
2022-04-01,715466,601418,22066,1537,0.659355764059045,0.21957142857142858
2022-04-02,716277,602269,22113,1523,0.6607601745054682,0.21757142857142858
2022-04-03,716567,602444,22251,1539,0.6648837626247535,0.21985714285714286
2022-04-04,718417,603702,22835,1541,0.6823343094483953,0.22014285714285714
2022-04-05,719805,605372,23010,1552,0.6875634972808223,0.22171428571428572
2022-04-06,721572,607194,23014,1561,0.687683021574135,0.223
2022-04-07,723273,608546,23272,1572,0.6953923384927987,0.22457142857142856
2022-04-08,724884,610159,23404,1554,0.6993366401721149,0.222
2022-04-09,725837,611100,23474,1543,0.7014283153050858,0.22042857142857142
2022-04-10,726166,611319,23626,1562,0.7059702384509652,0.22314285714285714
2022-04-11,728083,612633,24205,1589,0.7232713799079663,0.227
2022-04-12,730066,614551,24693,1644,0.7378533436921054,0.23485714285714285
2022-04-13,731631,616385,24778,1650,0.7403932349249985,0.2357142857142857
2022-04-14,733354,618020,24828,1648,0.7418872885914062,0.23542857142857143
2022-04-15,735204,619696,24909,1652,0.7443076555309867,0.236
2022-04-16,735992,620535,24894,1630,0.7438594394310644,0.23285714285714285
2022-04-17,736315,620786,24922,1636,0.7446961094842527,0.2337142857142857
2022-04-18,736615,621002,24990,1635,0.7467280224705671,0.23357142857142857
2022-04-19,738711,622698,25277,1681,0.7553038905157473,0.24014285714285713
2022-04-20,740871,625022,25179,1677,0.7523755453295883,0.23957142857142857
2022-04-21,742769,626816,25018,1684,0.7475646925237555,0.24057142857142857
2022-04-22,744726,628608,24883,1645,0.7435307476244547,0.235
2022-04-23,745754,629485,24840,1636,0.7422458614713441,0.2337142857142857
2022-04-24,746161,629768,24888,1640,0.7436801529910955,0.2342857142857143
2022-04-25,747936,631303,24980,1659,0.7464292117372856,0.237
2022-04-26,749693,633262,24703,1667,0.738152154425387,0.23814285714285716
2022-04-27,751518,634936,24431,1658,0.7300245024801291,0.23685714285714285
2022-04-28,753160,636491,24130,1629,0.7210302994083547,0.2327142857142857
2022-04-29,754750,638182,23579,1591,0.7045658280045419,0.22728571428571429
2022-04-30,755799,638905,23302,1562,0.6962887706926433,0.22314285714285714
2022-05-01,756279,639061,23327,1557,0.6970357975258471,0.22242857142857142
2022-05-02,757680,640425,23211,1511,0.6935695930197813,0.21585714285714286
2022-05-03,759213,642084,22849,1498,0.6827526444749895,0.214
2022-05-04,760523,643460,22319,1465,0.6669156756110679,0.2092857142857143
2022-05-05,762135,644866,21880,1447,0.6537978844200084,0.2067142857142857
2022-05-06,762818,645611,21277,1408,0.6357795972031315,0.20114285714285715
2022-05-07,764626,647071,20963,1397,0.6263969401780912,0.19957142857142857
2022-05-08,765123,647235,20939,1403,0.6256797944182155,0.20042857142857143
2022-05-09,766174,648234,20835,1380,0.6225721627920875,0.19714285714285715
2022-05-10,767413,649583,20499,1364,0.6125321221538278,0.19485714285714287
2022-05-11,768730,650824,20152,1329,0.6021633897089583,0.18985714285714286
2022-05-12,769889,651942,19762,1292,0.5905097711109784,0.18457142857142858
2022-05-13,770991,653050,19272,1233,0.5758680451801829,0.17614285714285716
2022-05-14,771857,653734,18901,1213,0.5647821669754377,0.1732857142857143
2022-05-15,772369,653827,18935,1214,0.565798123468595,0.17342857142857143
2022-05-16,773215,654775,18742,1199,0.5600310763162613,0.1712857142857143
2022-05-17,774255,655984,18290,1173,0.5465248311719357,0.16757142857142857
2022-05-18,775356,656962,17883,1149,0.5343632343273771,0.16414285714285715
2022-05-19,776329,657817,17531,1115,0.5238450965158669,0.15928571428571428
2022-05-20,777248,658712,17141,1095,0.5121914779178868,0.15642857142857142
2022-05-21,777912,659150,16935,1085,0.5060359768122871,0.155
2022-05-22,778198,659216,16941,1081,0.5062152632522561,0.15442857142857142
2022-05-23,778798,659896,16785,1074,0.501553815813064,0.15342857142857144
2022-05-24,779602,660731,16510,1072,0.4933365206478217,0.15314285714285714
2022-05-25,780453,661637,16133,1043,0.48207135600310763,0.149
2022-05-26,781097,661995,16015,1033,0.4785453893503855,0.14757142857142858
2022-05-27,781622,662562,15811,1024,0.47244965039144204,0.1462857142857143
2022-05-28,781986,662858,15652,1022,0.4676985597322656,0.146
2022-05-29,782213,662919,15646,1014,0.46751927329229664,0.14485714285714285
2022-05-30,782822,663595,15488,992,0.4627980637064483,0.1417142857142857
2022-05-31,783584,664493,15118,952,0.45174206657503135,0.136
2022-06-01,784410,665161,14850,929,0.4437339389230861,0.1327142857142857
2022-06-02,785122,665774,14640,926,0.43745891352417376,0.13228571428571428
2022-06-03,785708,666336,14419,917,0.43085519631865177,0.131
2022-06-04,786124,666645,14274,917,0.4265224406860694,0.131
2022-06-05,786343,666701,14285,914,0.42685113249267914,0.13057142857142856
2022-06-06,786409,666752,14302,907,0.42735911073925775,0.12957142857142856
2022-06-07,787090,667403,14275,895,0.4265523217593976,0.12785714285714286
2022-06-08,787859,668154,14189,895,0.42398254945317637,0.12785714285714286
2022-06-09,788537,668738,14158,876,0.4230562361800036,0.12514285714285714
2022-06-10,789060,669322,14028,869,0.41917169664734355,0.12414285714285714
2022-06-11,789505,669586,14061,875,0.42015777206717264,0.125
2022-06-12,789550,669640,14080,871,0.42072551246040757,0.12442857142857143
2022-06-13,790182,670179,14125,865,0.4220701607601745,0.12357142857142857
2022-06-14,790798,670836,14072,854,0.42048646387378236,0.122
2022-06-15,791415,671515,13910,847,0.4156457299946214,0.121
2022-06-16,792153,672039,13914,846,0.41576525428793404,0.12085714285714286
2022-06-17,792791,672657,13895,845,0.4151975138946991,0.12071428571428572
2022-06-18,793101,672950,13876,829,0.4146297735014642,0.11842857142857142
2022-06-19,793234,673006,13932,830,0.4163031136078408,0.11857142857142858
2022-06-20,794066,673591,14190,849,0.4240124305265045,0.12128571428571429
2022-06-21,794613,674196,14334,841,0.42831530508575866,0.12014285714285715
2022-06-22,795467,675052,14412,845,0.4306460288053547,0.12071428571428572
2022-06-23,796217,675753,14499,841,0.43324568218490406,0.12014285714285715
2022-06-24,797015,676538,14550,830,0.43476961692463995,0.11857142857142858
2022-06-25,797406,676942,14566,818,0.43524771409789037,0.11685714285714285
2022-06-26,797543,677016,14636,822,0.4373393892308612,0.11742857142857142
2022-06-27,798688,677721,15099,880,0.4511743261817964,0.12571428571428572
2022-06-28,799479,678541,15496,898,0.4630371122930736,0.12828571428571428
2022-06-29,800182,679400,15690,914,0.46883404051873545,0.13057142857142856
2022-06-30,800999,680223,15836,931,0.4731966772246459,0.133
2022-07-01,802049,681096,16108,960,0.4813243291699038,0.13714285714285715
2022-07-02,802405,681582,16220,951,0.484671009382657,0.13585714285714287
2022-07-03,802506,681724,16278,953,0.48640411163569,0.13614285714285715
2022-07-04,804008,682827,16638,978,0.49716129803382536,0.1397142857142857
2022-07-05,805447,684148,17041,1004,0.5092033705850714,0.14342857142857143
2022-07-06,806617,685220,17496,1027,0.5227992589493815,0.1467142857142857
2022-07-07,807660,686409,17719,1035,0.5294627383015598,0.14785714285714285
2022-07-08,809015,687688,17944,1027,0.5361859798003944,0.1467142857142857
2022-07-09,809549,688421,17936,1040,0.5359469312137692,0.14857142857142858
2022-07-10,809811,688597,17999,1045,0.5378294388334429,0.1492857142857143
2022-07-11,811507,689642,18605,1107,0.5559373692703042,0.15814285714285714
2022-07-12,813232,691295,19160,1158,0.5725213649674297,0.16542857142857142
2022-07-13,814646,692740,19580,1184,0.5850714157652542,0.16914285714285715
2022-07-14,815137,693535,19647,1178,0.5870734476782407,0.1682857142857143
2022-07-15,816415,694489,19935,1204,0.595679196796749,0.172
2022-07-16,817034,695249,20023,1217,0.5983087312496265,0.17385714285714285
2022-07-17,817211,695383,20137,1225,0.601715173609036,0.175
2022-07-18,819103,696822,20530,1271,0.6134584354270005,0.18157142857142858
2022-07-19,820988,698590,20896,1323,0.6243949082651049,0.189
2022-07-20,822310,700056,21010,1299,0.6278013506245145,0.18557142857142858
2022-07-21,823790,701655,20877,1305,0.62382716787187,0.18642857142857142
2022-07-22,825458,703194,20769,1304,0.6206000119524293,0.18628571428571428
2022-07-23,826268,703888,20730,1279,0.6194346500926313,0.18271428571428572
2022-07-24,826529,704039,20782,1272,0.6209884659056953,0.18171428571428572
2022-07-25,828116,705292,21038,1285,0.6286380206777027,0.18357142857142858
2022-07-26,829622,707049,20924,1317,0.6252315783182932,0.18814285714285714
2022-07-27,831143,708623,20662,1253,0.6174027371063169,0.179
2022-07-28,832605,709895,20486,1208,0.6121436682005618,0.17257142857142857
2022-07-29,833824,711128,20214,1195,0.6040160162553039,0.1707142857142857
2022-07-30,834723,711849,20068,1194,0.5996533795493935,0.17057142857142857
2022-07-31,835034,711968,20098,1195,0.600549811749238,0.1707142857142857
2022-08-01,836147,713025,20063,1205,0.5995039741827527,0.17214285714285715
2022-08-02,837451,714464,19792,1180,0.5914062033108229,0.16857142857142857
2022-08-03,838699,715761,19389,1151,0.5793641307595769,0.16442857142857142
2022-08-04,840080,716889,19154,1151,0.5723420785274607,0.16442857142857142
2022-08-05,841142,717990,18803,1142,0.5618538217892787,0.16314285714285715
2022-08-06,841922,718518,18669,1146,0.557849757963306,0.1637142857142857
2022-08-07,842162,718590,18693,1147,0.5585669037231817,0.16385714285714287
2022-08-08,843113,719501,18648,1121,0.5572222554234149,0.16014285714285714
2022-08-09,844160,720869,18171,1092,0.5429689834458854,0.156
2022-08-10,845441,722035,17729,1057,0.5297615490348413,0.151
2022-08-11,846668,722945,17524,1047,0.5236359290025697,0.14957142857142858
2022-08-12,847565,723824,17268,1037,0.5159863742305624,0.14814285714285713
2022-08-13,848099,724251,17083,1009,0.5104583756648539,0.14414285714285716
2022-08-14,848376,724302,17106,1012,0.5111456403514014,0.14457142857142857
2022-08-15,848467,724377,17138,1015,0.5121018346979024,0.145
2022-08-16,849372,725328,17011,1009,0.5083069383852268,0.14414285714285716
2022-08-17,850440,726350,16838,1001,0.5031375126994562,0.143
2022-08-18,851316,727375,16427,981,0.4908563915615849,0.14014285714285715
2022-08-19,852380,728261,16122,961,0.4817426641964979,0.1372857142857143
2022-08-20,852995,728707,15949,952,0.4765732385107273,0.136
2022-08-21,853232,728752,15965,944,0.4770513356839778,0.13485714285714287
2022-08-22,853883,729371,15950,919,0.47660311958405543,0.13128571428571428
2022-08-23,854554,730209,15680,871,0.46853522978545387,0.12442857142857143
2022-08-24,855404,730866,15551,853,0.46468057132612206,0.12185714285714286
2022-08-25,856050,731479,15412,855,0.4605271021335086,0.12214285714285714
2022-08-26,856676,732094,15234,845,0.45520827108109724,0.12071428571428572
2022-08-27,857006,732353,15108,836,0.4514432558417498,0.11942857142857143
2022-08-28,857221,732406,15137,841,0.4523098069682663,0.12014285714285715
2022-08-29,857671,733015,14929,848,0.44609454371601026,0.12114285714285715
2022-08-30,858483,733782,14694,854,0.4390724914838941,0.122
2022-08-31,859175,734398,14485,838,0.43282734715830995,0.11971428571428572
2022-09-01,859836,734906,14391,814,0.43001852626546344,0.11628571428571428
2022-09-02,860360,735515,14157,799,0.4230263551066754,0.11414285714285714
2022-09-03,860708,735764,14010,792,0.4186338373274368,0.11314285714285714
2022-09-04,860902,735803,14015,793,0.4187832426940776,0.11328571428571428
2022-09-05,861460,736361,13953,785,0.416930616147732,0.11214285714285714
2022-09-06,862073,737006,13799,781,0.41232893085519634,0.11157142857142857
2022-09-07,862675,737549,13663,792,0.4082651048825674,0.11314285714285714
2022-09-08,863219,738139,13425,770,0.40115340943046673,0.11
2022-09-09,863804,738594,13286,742,0.39699994023785334,0.106
2022-09-10,864090,738779,13234,745,0.3954461244247893,0.10642857142857143
2022-09-11,864183,738817,13233,741,0.3954162433514612,0.10585714285714286
2022-09-12,864684,739327,13183,725,0.3939221896850535,0.10357142857142858
2022-09-13,865278,739940,13065,727,0.39039622303233135,0.10385714285714286
2022-09-14,865811,740417,12971,730,0.38758740213948484,0.10428571428571429
2022-09-15,866363,740818,12996,737,0.3883344289726887,0.10528571428571429
2022-09-16,866758,741271,12937,728,0.3865714456463276,0.104
2022-09-17,867008,741449,12941,728,0.38669096993964025,0.104
2022-09-18,867049,741494,12940,725,0.38666108886631206,0.10357142857142858
2022-09-19,867677,742051,12952,703,0.3870196617462499,0.10042857142857142
2022-09-20,868250,742644,12896,704,0.3853463216398733,0.10057142857142858
2022-09-21,868778,743123,12857,699,0.3841809597800753,0.09985714285714285
2022-09-22,869341,743567,12908,707,0.38570489451981116,0.101
2022-09-23,869826,744017,12961,700,0.3872885914062033,0.1
2022-09-24,869997,744250,12939,713,0.38663120779298393,0.10185714285714285
2022-09-25,870095,744285,12977,710,0.3877666885794538,0.10142857142857142
2022-09-26,870939,744739,13354,733,0.3990318532241678,0.10471428571428572
2022-09-27,871576,745299,13768,761,0.41140261758202357,0.10871428571428571
2022-09-28,872038,745892,14014,784,0.41875336162074944,0.112
2022-09-29,872627,746450,14259,789,0.42607422458614713,0.11271428571428571
2022-09-30,873219,746963,14554,810,0.4348891412179525,0.11571428571428571
2022-10-01,873321,747246,14651,823,0.4377876053307835,0.11757142857142858
2022-10-02,873334,747298,14705,823,0.4394011832905038,0.11757142857142858
2022-10-03,874448,747943,15166,843,0.45317635809478274,0.12042857142857143
2022-10-04,875317,748830,15535,848,0.4642024741528716,0.12114285714285715
2022-10-05,876155,749577,15954,861,0.47672264387736807,0.123
2022-10-06,876953,750275,16428,907,0.490886272634913,0.12957142857142856
2022-10-07,877687,751071,16788,882,0.5016434590330485,0.126
2022-10-08,877796,751438,16865,887,0.5039443016793164,0.12671428571428572
2022-10-09,877877,751526,16929,889,0.5058566903723182,0.127
2022-10-10,879183,752340,17406,927,0.5201099623498476,0.13242857142857142
2022-10-11,880409,753470,17907,944,0.5350803800872528,0.13485714285714287
2022-10-12,881126,754353,18187,941,0.5434470806191358,0.13442857142857143
2022-10-13,882191,755236,18590,959,0.5554891531703818,0.137
2022-10-14,883056,756226,18792,972,0.561525129982669,0.13885714285714285
2022-10-15,883492,756677,18950,979,0.5662463395685173,0.13985714285714285
2022-10-16,883516,756764,19032,988,0.5686965875814259,0.14114285714285715
2022-10-17,884953,757710,19493,1065,0.5824717623857049,0.15214285714285714
2022-10-18,886237,758901,19948,1069,0.5960676507500149,0.15271428571428572
2022-10-19,887288,760185,20072,1046,0.599772903842706,0.14942857142857144
2022-10-20,888421,761342,20110,1039,0.6009083846291758,0.14842857142857144
2022-10-21,889593,762416,20165,1039,0.6025518436622244,0.14842857142857144
2022-10-22,889993,762922,20082,1042,0.6000717145759876,0.14885714285714285
2022-10-23,890255,763008,20158,1037,0.6023426761489272,0.14814285714285713
2022-10-24,891369,764040,20194,1059,0.6034183947887408,0.15128571428571427
2022-10-25,892792,765597,19965,1041,0.5965756289965936,0.14871428571428572
2022-10-26,894143,766611,20014,1052,0.5980398015896731,0.15028571428571427
2022-10-27,895083,767589,19959,1057,0.5963963425566247,0.151
2022-10-28,896095,768764,19682,1040,0.588119285244726,0.14857142857142858
2022-10-29,896824,769394,19465,1027,0.5816350923325165,0.1467142857142857
2022-10-30,897165,769477,19497,1024,0.5825912866790175,0.1462857142857143
2022-10-31,898025,770293,19462,1044,0.5815454491125321,0.14914285714285713
2022-11-01,898534,770795,19383,1070,0.5791848443196079,0.15285714285714286
2022-11-02,899537,771749,19263,1065,0.5755991155202295,0.15214285714285714
2022-11-03,900537,772865,18972,1055,0.5669037231817367,0.15071428571428572
2022-11-04,901584,773725,18794,1029,0.5615848921293253,0.147
2022-11-05,902086,774215,18596,1019,0.5556684396103508,0.14557142857142857
2022-11-06,902385,774315,18592,1022,0.5555489153170382,0.146
2022-11-07,903282,775191,18500,1015,0.5527998565708481,0.145
2022-11-08,904351,776334,18217,977,0.5443435128189804,0.13957142857142857
2022-11-09,905486,777224,18110,970,0.541146237972868,0.13857142857142857
2022-11-10,906372,778044,18018,962,0.5383971792266778,0.13742857142857143
2022-11-11,906826,778450,17947,948,0.5362756230203789,0.13542857142857143
2022-11-12,907024,778544,17970,951,0.5369628877069265,0.13585714285714287
2022-11-13,907097,778594,18015,957,0.5383075360066933,0.1367142857142857
2022-11-14,908068,779427,18098,972,0.5407876650929302,0.13885714285714285
2022-11-15,909031,780424,18038,970,0.5389948006932409,0.13857142857142857
2022-11-16,910116,781302,18115,983,0.5412956433395087,0.14042857142857143
2022-11-17,910903,782241,17965,962,0.5368134823402857,0.13742857142857143
2022-11-18,911953,783101,17936,962,0.5359469312137692,0.13742857142857143
2022-11-19,912364,783545,17848,960,0.5333173967608916,0.13714285714285715
2022-11-20,912618,783630,17927,969,0.5356780015538158,0.13842857142857143
2022-11-21,913620,784409,18135,978,0.5418932648060718,0.1397142857142857
2022-11-22,914571,785428,18186,971,0.5434171995458077,0.1387142857142857
2022-11-23,915606,786274,18351,989,0.548347576644953,0.1412857142857143
2022-11-24,916303,787100,18331,986,0.54774995517839,0.14085714285714285
2022-11-25,917256,787918,18384,1010,0.5493336520647821,0.1442857142857143
2022-11-26,917646,788364,18352,1010,0.5483774577182813,0.1442857142857143
2022-11-27,917821,788466,18385,1007,0.5493635331381104,0.14385714285714285
2022-11-28,919158,789344,18782,1065,0.5612263192493875,0.15214285714285714
2022-11-29,920222,790438,19061,1076,0.5695631387079424,0.15371428571428572
2022-11-30,921369,791337,19497,1112,0.5825912866790175,0.15885714285714286
2022-12-01,922226,792382,19669,1089,0.58773083129146,0.15557142857142858
2022-12-02,923186,793251,19865,1113,0.5935875216637782,0.159
2022-12-03,923535,793852,19771,1093,0.5907787007709316,0.15614285714285714
2022-12-04,923852,793973,19863,1091,0.5935277595171219,0.15585714285714286
2022-12-05,925194,794773,20393,1114,0.6093647283810435,0.15914285714285714
2022-12-06,926431,796202,20614,1120,0.6159684455865655,0.16
2022-12-07,927911,797326,21098,1145,0.630430885077392,0.16357142857142856
2022-12-08,929133,798454,21619,1201,0.6459989242813602,0.17157142857142857
2022-12-09,930140,799643,21874,1182,0.6536185979800394,0.16885714285714284
2022-12-10,930749,800266,22061,1187,0.6592063586924042,0.16957142857142857
2022-12-11,930765,800377,22133,1191,0.6613577959720314,0.17014285714285715
2022-12-12,932556,801504,22703,1235,0.6783900077690791,0.17642857142857143
2022-12-13,934071,802940,23217,1287,0.6937488794597502,0.18385714285714286
2022-12-14,935573,804327,23742,1341,0.709436442957031,0.19157142857142856
2022-12-15,936816,805614,24125,1374,0.720880894041714,0.19628571428571429
2022-12-16,938056,807064,24173,1393,0.7223151855614653,0.199
2022-12-17,938881,807811,24256,1384,0.7247953146477022,0.1977142857142857
2022-12-18,939080,807968,24357,1383,0.7278133030538457,0.19757142857142856
2022-12-19,940704,809242,24631,1419,0.7360007171457599,0.2027142857142857
2022-12-20,942683,810995,25002,1438,0.747086595350505,0.20542857142857143
2022-12-21,944281,812617,25225,1443,0.7537500747026833,0.20614285714285716
2022-12-22,945678,813954,25395,1452,0.7588298571684695,0.20742857142857143
2022-12-23,947087,815558,25218,1454,0.7535409071893863,0.2077142857142857
2022-12-24,947916,816260,25119,1445,0.750582680929899,0.20642857142857143
2022-12-25,948137,816395,25088,1445,0.7496563676567263,0.20642857142857143
2022-12-26,949356,817495,25043,1454,0.7483117193569593,0.2077142857142857
2022-12-27,951233,819080,25084,1447,0.7495368433634136,0.2067142857142857
2022-12-28,952718,820563,24993,1483,0.7468176656905516,0.21185714285714285
2022-12-29,953891,821858,24653,1484,0.7366581007589793,0.212
2022-12-30,955280,823069,24389,1477,0.7287694974003466,0.211
2022-12-31,955952,823676,24148,1478,0.7215681587282615,0.21114285714285713
2023-01-01,956348,823803,24157,1477,0.7218370883882149,0.211
2023-01-02,957691,825065,24075,1465,0.7193868403753063,0.2092857142857143
2023-01-03,959016,826705,23516,1416,0.7026833203848682,0.2022857142857143
2023-01-04,960596,827960,23167,1389,0.6922548257933425,0.19842857142857143
2023-01-05,961726,829112,22664,1352,0.6772246459092811,0.19314285714285714
2023-01-06,963097,830190,22335,1341,0.6673937727843184,0.19157142857142856
2023-01-07,963751,830673,22129,1330,0.6612382716787187,0.19
2023-01-08,964057,830783,22102,1331,0.6604314826988585,0.19014285714285714
2023-01-09,964797,831905,21548,1267,0.6438773680750612,0.181
2023-01-10,966188,833075,21100,1242,0.6304906472240482,0.17742857142857144
2023-01-11,967312,833996,20776,1235,0.6208091794657264,0.17642857142857143
2023-01-12,968135,834822,20399,1233,0.6095440148210124,0.17614285714285716
2023-01-13,969085,835657,20039,1227,0.598786828422877,0.1752857142857143
2023-01-14,969655,835936,19950,1214,0.5961274128966713,0.17342857142857143
2023-01-15,969807,836019,19922,1211,0.5952907428434829,0.173
2023-01-16,970352,836689,19689,1187,0.588328452758023,0.16957142857142857
2023-01-17,971074,837539,19229,1145,0.5745831590270722,0.16357142857142856
2023-01-18,971964,838193,18927,1141,0.5655590748819698,0.163
2023-01-19,972636,838960,18470,1105,0.5519034243710034,0.15785714285714286
2023-01-20,973381,839566,18109,1068,0.5411163568995399,0.15257142857142858
2023-01-21,973882,839856,17932,1048,0.5358274069204566,0.14971428571428572
2023-01-22,974098,839907,17911,1044,0.5351999043805653,0.14914285714285713
2023-01-23,974516,840474,17639,1016,0.5270722524353075,0.14514285714285713
2023-01-24,975167,841227,17206,972,0.5141337476842168,0.13885714285714285
2023-01-25,975900,841782,16917,957,0.5054981174923803,0.1367142857142857
2023-01-26,976499,842480,16479,936,0.4924102073746489,0.1337142857142857
2023-01-27,977258,843250,15986,911,0.47767883822386903,0.13014285714285714
2023-01-28,977878,843683,15649,895,0.46760891651228115,0.12785714285714286
2023-01-29,978254,843774,15591,896,0.4658758142592482,0.128
2023-01-30,978697,844326,15365,883,0.4591226916870854,0.12614285714285714
2023-01-31,979260,845203,14768,865,0.4412836909101775,0.12357142857142857
2023-02-01,980302,846047,14316,838,0.4277774457658519,0.11971428571428572
2023-02-02,981050,846572,14037,819,0.41944062630729695,0.117
2023-02-03,981638,846970,13921,807,0.4159744218012311,0.11528571428571428
2023-02-04,979061,844314,13863,798,0.41424131954819815,0.114
2023-02-05,979128,844323,13863,797,0.41424131954819815,0.11385714285714285
2023-02-06,979413,844630,13801,789,0.4123886930018526,0.11271428571428571
2023-02-07,979862,845157,13619,780,0.4069503376561286,0.11142857142857143
2023-02-08,983304,848428,13577,767,0.40569533257634616,0.10957142857142857
2023-02-09,983563,848708,13497,770,0.4033048467100938,0.11
2023-02-10,983960,849090,13412,777,0.40076495547720076,0.111
2023-02-11,984163,849217,13392,775,0.40016733401063764,0.11071428571428571
2023-02-12,984185,849225,13385,774,0.39995816649734056,0.11057142857142857
2023-02-13,984564,849590,13354,772,0.3990318532241678,0.11028571428571429
2023-02-14,984972,850065,13221,774,0.39505767047152335,0.11057142857142857
2023-02-15,985439,850507,13078,752,0.3907846769855973,0.10742857142857143
2023-02-16,985824,850785,13016,745,0.3889320504392518,0.10642857142857143
2023-02-17,986230,851123,12995,742,0.38830454789936053,0.106
2023-02-18,986361,851272,12940,730,0.38666108886631206,0.10428571428571429
2023-02-19,986455,851310,12940,728,0.38666108886631206,0.104
2023-02-20,986863,851584,13044,738,0.3897687204924401,0.10542857142857143
2023-02-21,987156,851997,12996,731,0.3883344289726887,0.10442857142857143
2023-02-22,987612,852401,12962,736,0.38731847247953144,0.10514285714285715
2023-02-23,987928,852635,12991,733,0.38818502360604795,0.10471428571428572
2023-02-24,988182,852922,12958,731,0.38719894818621886,0.10442857142857143
2023-02-25,988360,853113,12896,722,0.3853463216398733,0.10314285714285715
2023-02-26,988458,853134,12910,723,0.3857646566664675,0.10328571428571429
2023-02-27,988802,853409,12958,726,0.38719894818621886,0.10371428571428572
2023-02-28,989066,853787,12858,722,0.38421084085340346,0.10314285714285715
2023-03-01,989513,854180,12787,718,0.3820892846471045,0.10257142857142858
2023-03-02,989836,854431,12767,721,0.38149166318054145,0.103
2023-03-03,990159,854779,12701,710,0.37951951234088327,0.10142857142857142
2023-03-04,990390,854923,12705,717,0.3796390366341959,0.10242857142857142
2023-03-05,990396,854927,12711,719,0.3798183230741648,0.10271428571428572
2023-03-06,990840,855242,12820,731,0.3830753600669336,0.10442857142857143
2023-03-07,991142,855564,12885,735,0.3850176298332636,0.105
2023-03-08,991501,855816,13030,738,0.38935038546584594,0.10542857142857143
2023-03-09,991703,856125,13058,742,0.39018705551903426,0.106
2023-03-10,992097,856457,13121,754,0.39206956313870794,0.10771428571428572
2023-03-11,992170,856575,13131,749,0.3923683738719895,0.107
2023-03-12,992168,856589,13125,744,0.3921890874320206,0.10628571428571429
2023-03-13,992707,856921,13285,758,0.3969700591645252,0.10828571428571429
2023-03-14,992908,857259,13281,760,0.3968505348712126,0.10857142857142857
2023-03-15,993415,857640,13379,763,0.39977888005737167,0.109
2023-03-16,993646,857999,13325,749,0.39816530209765133,0.107
2023-03-17,994124,858444,13279,755,0.39679077272455626,0.10785714285714286
2023-03-18,994335,858672,13205,752,0.39457957329827287,0.10742857142857143
2023-03-19,994423,858680,13211,754,0.3947588597382418,0.10771428571428572
2023-03-20,995062,859128,13358,760,0.3991513775174804,0.10857142857142857
2023-03-21,995484,859586,13434,761,0.40142233909042013,0.10871428571428571
2023-03-22,995947,860128,13418,761,0.40094424191716965,0.10871428571428571
2023-03-23,996334,860867,13025,739,0.3892009800992052,0.10557142857142857
2023-03-24,997263,861310,13103,751,0.39153170381880115,0.10728571428571429
2023-03-25,997362,861538,13038,744,0.38958943405247115,0.10628571428571429
2023-03-26,997457,861565,13036,746,0.38952967190581483,0.10657142857142857
2023-03-27,997985,861972,13113,728,0.39183051455208273,0.104
2023-03-28,998498,862458,13178,720,0.3937727843184127,0.10285714285714286
2023-03-29,998977,862962,13184,734,0.3939520707583816,0.10485714285714286
2023-03-30,999378,863331,13186,732,0.39401183290503794,0.10457142857142857
2023-03-31,999876,863837,13149,709,0.39290623319189627,0.10128571428571428
